,R0,Sero_peak
0,1.106,0.0036
1,1.106,0.004
2,1.106,0.0421
3,1.106,0.0499
4,1.106,0.0566
5,1.106,0.065
6,1.106,0.0754
7,1.106,0.088
8,1.106,0.1025
9,1.106,0.1191
10,1.106,0.1376
11,1.106,0.158
12,1.106,0.1802
13,1.106,0.2042
14,1.106,0.2298
15,1.106,0.2571
16,1.106,0.286
17,1.106,0.3163
18,1.106,0.3481
19,1.106,0.3814
20,1.106,0.4158
21,1.106,0.4517
22,1.106,0.4886
23,1.106,0.5268
24,1.106,0.566
25,1.106,0.6064
26,1.106,0.6478
27,1.106,0.6903
28,1.106,0.7331
29,1.106,0.7775
30,1.106,0.8221
31,1.106,0.8683
32,1.106,0.9148
33,1.106,0.9621
34,1.106,1.0104
35,1.106,1.0586
36,1.106,1.1077
37,1.106,1.1579
38,1.106,1.2077
39,1.106,1.2587
40,1.106,1.3109
41,1.106,1.3627
42,1.106,1.4159
43,1.106,1.4685
44,1.106,1.5205
45,1.106,1.5764
46,1.106,1.6292
47,1.106,1.6838
48,1.106,1.7376
49,1.106,1.7935
50,1.106,1.8486
51,1.106,1.9062
52,1.106,1.963
53,1.106,2.0189
54,1.106,2.0736
55,1.106,2.1314
56,1.106,2.1883
57,1.106,2.2439
58,1.106,2.3034
59,1.106,2.3618
60,1.106,2.4191
61,1.106,2.4751
62,1.106,2.5358
63,1.106,2.5955
64,1.106,2.6539
65,1.106,2.711
66,1.106,2.7667
67,1.106,2.8284
68,1.106,2.8889
69,1.106,2.9481
70,1.106,3.006
71,1.106,3.0623
72,1.106,3.1262
73,1.106,3.1795
74,1.106,3.2408
75,1.106,3.3007
76,1.106,3.3593
77,1.106,3.4162
78,1.106,3.4829
79,1.106,3.5368
80,1.106,3.6009
81,1.106,3.6514
82,1.106,3.7126
83,1.106,3.7724
84,1.106,3.8307
85,1.106,3.9015
86,1.106,3.9569
87,1.106,4.0104
88,1.106,4.0775
89,1.106,4.1276
90,1.106,4.1919
91,1.106,4.2549
92,1.106,4.3165
93,1.106,4.3767
94,1.106,4.4353
95,1.106,4.4923
96,1.106,4.5476
97,1.106,4.601
98,1.106,4.6727
99,1.106,4.7229
100,1.106,4.7921
101,1.106,4.8386
102,1.106,4.905
103,1.106,4.9702
104,1.106,5.0109
105,1.106,5.0729
106,1.106,5.1334
107,1.107,5.1925
108,1.108,5.2499
109,1.109,5.3058
110,1.11,5.3599
111,1.111,5.4393
112,1.112,5.4904
113,1.113,5.5396
114,1.114,5.6156
115,1.115,5.6614
116,1.116,5.705
117,1.117,5.7772
118,1.118,5.8484
119,1.119,5.8866
120,1.12,5.955
121,1.121,6.0222
122,1.122,6.0544
123,1.123,6.1185
124,1.124,6.1813
125,1.125,6.2427
126,1.126,6.3027
127,1.127,6.3613
128,1.128,6.4183
129,1.129,6.4738
130,1.13,6.5276
131,1.131,6.5798
132,1.132,6.6303
133,1.133,6.679
134,1.134,6.7259
135,1.135,6.8136
136,1.136,6.8574
137,1.137,6.8992
138,1.138,6.984
139,1.139,7.0225
140,1.14,7.0589
141,1.141,7.1403
142,1.142,7.1731
143,1.143,7.2523
144,1.144,7.2813
145,1.145,7.3581
146,1.146,7.3832
147,1.147,7.4575
148,1.148,7.5309
149,1.149,7.5501
150,1.15,7.6208
151,1.151,7.6905
152,1.152,7.7035
153,1.153,7.7702
154,1.154,7.8358
155,1.155,7.9003
156,1.156,7.9636
157,1.157,8.0256
158,1.158,8.0258
159,1.159,8.0845
160,1.16,8.1419
161,1.161,8.1979
162,1.162,8.2525
163,1.163,8.3057
164,1.164,8.3574
165,1.165,8.4077
166,1.166,8.4564
167,1.167,8.5036
168,1.168,8.5493
169,1.169,8.5933
170,1.17,8.7066
171,1.171,8.7482
172,1.172,8.7881
173,1.173,8.8263
174,1.174,8.8627
175,1.175,8.9728
176,1.176,9.0066
177,1.177,9.0385
178,1.178,9.0685
179,1.179,9.1757
180,1.18,9.2028
181,1.181,9.2279
182,1.182,9.2511
183,1.183,9.3551
184,1.184,9.3751
185,1.185,9.4779
186,1.186,9.4947
187,1.187,9.5093
188,1.188,9.6095
189,1.189,9.6208
190,1.19,9.7195
191,1.191,9.7274
192,1.192,9.8245
193,1.193,9.8287
194,1.194,9.9242
195,1.195,9.9248
196,1.196,10.0185
197,1.197,10.0153
198,1.198,10.1072
199,1.199,10.1002
200,1.2,10.1902
201,1.201,10.1791
202,1.202,10.2673
203,1.203,10.3548
204,1.204,10.3382
205,1.205,10.4237
206,1.206,10.5086
207,1.207,10.4861
208,1.208,10.5689
209,1.209,10.651
210,1.21,10.6225
211,1.211,10.7023
212,1.212,10.7815
213,1.213,10.7468
214,1.214,10.8236
215,1.215,10.8996
216,1.216,10.975
217,1.217,10.9321
218,1.218,11.0049
219,1.219,11.0769
220,1.22,11.1481
221,1.221,11.0966
222,1.222,11.1652
223,1.223,11.2329
224,1.224,11.2997
225,1.225,11.3657
226,1.226,11.4308
227,1.227,11.3666
228,1.228,11.4288
229,1.229,11.4901
230,1.23,11.5505
231,1.231,11.6099
232,1.232,11.6684
233,1.233,11.7259
234,1.234,11.7824
235,1.235,11.8379
236,1.236,11.8924
237,1.237,11.8059
238,1.238,11.8572
239,1.239,11.9074
240,1.24,11.9565
241,1.241,12.0046
242,1.242,12.0515
243,1.243,12.0974
244,1.244,12.1421
245,1.245,12.1856
246,1.246,12.228
247,1.247,12.2693
248,1.248,12.3093
249,1.249,12.3482
250,1.25,12.3859
251,1.251,12.4223
252,1.252,12.4575
253,1.253,12.4915
254,1.254,12.5242
255,1.255,12.5556
256,1.256,12.7482
257,1.257,12.7783
258,1.258,12.807
259,1.259,12.8345
260,1.26,12.8606
261,1.261,12.8854
262,1.262,12.9088
263,1.263,12.9309
264,1.264,12.9516
265,1.265,12.9708
266,1.266,13.1634
267,1.267,13.1811
268,1.268,13.1974
269,1.269,13.2123
270,1.27,13.2257
271,1.271,13.2376
272,1.272,13.2481
273,1.273,13.4405
274,1.274,13.4493
275,1.275,13.4566
276,1.276,13.4623
277,1.277,13.4665
278,1.278,13.4692
279,1.279,13.6614
280,1.28,13.6623
281,1.281,13.6615
282,1.282,13.6592
283,1.283,13.8515
284,1.284,13.8473
285,1.285,13.8415
286,1.286,13.8341
287,1.287,13.825
288,1.288,14.0169
289,1.289,14.0059
290,1.29,13.9932
291,1.291,13.9787
292,1.292,14.1706
293,1.293,14.1541
294,1.294,14.1359
295,1.295,14.116
296,1.296,14.3076
297,1.297,14.2856
298,1.298,14.2618
299,1.299,14.4534
300,1.3,14.4275
301,1.301,14.3998
302,1.302,14.3703
303,1.303,14.5615
304,1.304,14.5297
305,1.305,14.4961
306,1.306,14.6873
307,1.307,14.6514
308,1.308,14.6137
309,1.309,14.8048
310,1.31,14.7647
311,1.311,14.7228
312,1.312,14.9136
313,1.313,14.8694
314,1.314,14.8231
315,1.315,15.0138
316,1.316,14.9652
317,1.317,14.9146
318,1.318,15.105
319,1.319,15.0519
320,1.32,14.9969
321,1.321,15.187
322,1.322,15.1295
323,1.323,15.3197
324,1.324,15.2596
325,1.325,15.1976
326,1.326,15.3874
327,1.327,15.3228
328,1.328,15.5127
329,1.329,15.4455
330,1.33,15.3762
331,1.331,15.5657
332,1.332,15.4937
333,1.333,15.6833
334,1.334,15.6087
335,1.335,15.5319
336,1.336,15.721
337,1.337,15.6415
338,1.338,15.8306
339,1.339,15.7484
340,1.34,15.664
341,1.341,15.8525
342,1.342,15.7654
343,1.343,15.9539
344,1.344,15.8639
345,1.345,16.0524
346,1.346,15.9596
347,1.347,16.148
348,1.348,16.0523
349,1.349,15.9544
350,1.35,16.1422
351,1.351,16.0414
352,1.352,16.229
353,1.353,16.1253
354,1.354,16.3128
355,1.355,16.2061
356,1.356,16.3936
357,1.357,16.2839
358,1.358,16.4712
359,1.359,16.3585
360,1.36,16.5458
361,1.361,16.43
362,1.362,16.6171
363,1.363,16.4983
364,1.364,16.6852
365,1.365,16.5633
366,1.366,16.7501
367,1.367,16.6251
368,1.368,16.8116
369,1.369,16.6835
370,1.37,16.8698
371,1.371,16.7386
372,1.372,16.9247
373,1.373,16.7902
374,1.374,16.9761
375,1.375,16.8385
376,1.376,17.0241
377,1.377,16.8832
378,1.378,17.0686
379,1.379,16.9245
380,1.38,17.1096
381,1.381,16.9622
382,1.382,17.147
383,1.383,16.9964
384,1.384,17.1809
385,1.385,17.0269
386,1.386,17.2111
387,1.387,17.3958
388,1.388,17.2376
389,1.389,17.422
390,1.39,17.2605
391,1.391,17.4445
392,1.392,17.2796
393,1.393,17.4632
394,1.394,17.295
395,1.395,17.4782
396,1.396,17.662
397,1.397,17.4894
398,1.398,17.6728
399,1.399,17.4967
400,1.4,17.6797
401,1.401,17.5002
402,1.402,17.6827
403,1.403,17.8657
404,1.404,17.6818
405,1.405,17.8644
406,1.406,17.677
407,1.407,17.8591
408,1.408,17.6681
409,1.409,17.8498
410,1.41,18.0319
411,1.411,17.8365
412,1.412,18.0181
413,1.413,17.8191
414,1.414,18.0002
415,1.415,18.1819
416,1.416,17.9782
417,1.417,18.1594
418,1.418,17.9522
419,1.419,18.1327
420,1.42,18.3138
421,1.421,18.1019
422,1.422,18.2824
423,1.423,18.0669
424,1.424,18.2469
425,1.425,18.4273
426,1.426,18.2071
427,1.427,18.3869
428,1.428,18.5672
429,1.429,18.3422
430,1.43,18.522
431,1.431,18.2933
432,1.432,18.4724
433,1.433,18.6519
434,1.434,18.4185
435,1.435,18.5974
436,1.436,18.7768
437,1.437,18.5385
438,1.438,18.7172
439,1.439,18.4752
440,1.44,18.6532
441,1.441,18.8318
442,1.442,18.5848
443,1.443,18.7627
444,1.444,18.941
445,1.445,18.6891
446,1.446,18.8667
447,1.447,19.0448
448,1.448,18.788
449,1.449,18.9653
450,1.45,19.1431
451,1.451,18.8813
452,1.452,19.0584
453,1.453,18.7928
454,1.454,18.9691
455,1.455,19.1458
456,1.456,18.8752
457,1.457,19.0512
458,1.458,19.2276
459,1.459,18.952
460,1.46,19.1276
461,1.461,19.3036
462,1.462,19.0229
463,1.463,19.1982
464,1.464,19.3739
465,1.465,19.0881
466,1.466,19.2629
467,1.467,19.4383
468,1.468,19.1473
469,1.469,19.3218
470,1.47,19.4967
471,1.471,19.6721
472,1.472,19.3747
473,1.473,19.5491
474,1.474,19.7241
475,1.475,19.4215
476,1.476,19.5955
477,1.477,19.77
478,1.478,19.4623
479,1.479,19.6358
480,1.48,19.8098
481,1.481,19.4969
482,1.482,19.6699
483,1.483,19.8434
484,1.484,19.5253
485,1.485,19.6978
486,1.486,19.8708
487,1.487,20.0442
488,1.488,19.7194
489,1.489,19.8918
490,1.49,20.0647
491,1.491,19.7347
492,1.492,19.9065
493,1.493,20.0789
494,1.494,19.7435
495,1.495,19.9148
496,1.496,20.0866
497,1.497,20.2587
498,1.498,19.9167
499,1.499,20.0878
500,1.5,20.2594
501,1.501,19.912
502,1.502,20.0825
503,1.503,20.2534
504,1.504,20.4248
505,1.505,20.0706
506,1.506,20.2409
507,1.507,20.4116
508,1.508,20.0522
509,1.509,20.2218
510,1.51,20.3918
511,1.511,20.5622
512,1.512,20.1959
513,1.513,20.3653
514,1.514,20.535
515,1.515,20.1634
516,1.516,20.332
517,1.517,20.501
518,1.518,20.6704
519,1.519,20.292
520,1.52,20.4602
521,1.521,20.6289
522,1.522,20.798
523,1.523,20.4126
524,1.524,20.5805
525,1.525,20.7489
526,1.526,20.3581
527,1.527,20.5253
528,1.528,20.6928
529,1.529,20.8607
530,1.53,20.4631
531,1.531,20.6298
532,1.532,20.7969
533,1.533,20.9644
534,1.534,20.5599
535,1.535,20.7261
536,1.536,20.8928
537,1.537,21.0599
538,1.538,20.6483
539,1.539,20.8142
540,1.54,20.9804
541,1.541,21.147
542,1.542,20.7285
543,1.543,20.8938
544,1.544,21.0595
545,1.545,21.2256
546,1.546,20.8001
547,1.547,20.9649
548,1.548,21.1301
549,1.549,21.2957
550,1.55,20.8632
551,1.551,21.0275
552,1.552,21.1921
553,1.553,21.3571
554,1.554,20.9176
555,1.555,21.0813
556,1.556,21.2454
557,1.557,21.4099
558,1.558,20.9634
559,1.559,21.1265
560,1.56,21.29
561,1.561,21.4538
562,1.562,21.0003
563,1.563,21.1628
564,1.564,21.3256
565,1.565,21.4889
566,1.566,21.6524
567,1.567,21.1902
568,1.568,21.3524
569,1.569,21.5149
570,1.57,21.6779
571,1.571,21.2086
572,1.572,21.3701
573,1.573,21.532
574,1.574,21.6943
575,1.575,21.218
576,1.576,21.3788
577,1.577,21.54
578,1.578,21.7015
579,1.579,21.8634
580,1.58,21.3783
581,1.581,21.5388
582,1.582,21.6996
583,1.583,21.8607
584,1.584,21.3686
585,1.585,21.5283
586,1.586,21.6884
587,1.587,21.8488
588,1.588,22.0095
589,1.589,21.5086
590,1.59,21.6679
591,1.591,21.8275
592,1.592,21.9874
593,1.593,22.1477
594,1.594,21.638
595,1.595,21.7968
596,1.596,21.956
597,1.597,22.1154
598,1.598,21.5988
599,1.599,21.7567
600,1.6,21.915
601,1.601,22.0736
602,1.602,22.2326
603,1.603,21.7071
604,1.604,21.8645
605,1.605,22.0223
606,1.606,22.1804
607,1.607,22.3388
608,1.608,21.8045
609,1.609,21.9614
610,1.61,22.1186
611,1.611,22.2761
612,1.612,22.4339
613,1.613,21.8909
614,1.614,22.0471
615,1.615,22.2037
616,1.616,22.3606
617,1.617,22.5179
618,1.618,21.966
619,1.619,22.1216
620,1.62,22.2776
621,1.621,22.4339
622,1.622,22.5905
623,1.623,22.0299
624,1.624,22.1848
625,1.625,22.3402
626,1.626,22.4958
627,1.627,22.6517
628,1.628,22.0823
629,1.629,22.2366
630,1.63,22.3912
631,1.631,22.5462
632,1.632,22.7014
633,1.633,22.1233
634,1.634,22.2769
635,1.635,22.4308
636,1.636,22.585
637,1.637,22.7395
638,1.638,22.8943
639,1.639,22.3055
640,1.64,22.4586
641,1.641,22.6121
642,1.642,22.7659
643,1.643,22.9199
644,1.644,22.3224
645,1.645,22.4747
646,1.646,22.6274
647,1.647,22.7804
648,1.648,22.9337
649,1.649,22.3275
650,1.65,22.479
651,1.651,22.6309
652,1.652,22.7831
653,1.653,22.9355
654,1.654,23.0883
655,1.655,22.4714
656,1.656,22.6224
657,1.657,22.7738
658,1.658,22.9254
659,1.659,23.0773
660,1.66,23.2295
661,1.661,22.602
662,1.662,22.7524
663,1.663,22.9032
664,1.664,23.0542
665,1.665,23.2055
666,1.666,22.5695
667,1.667,22.719
668,1.668,22.8688
669,1.669,23.019
670,1.67,23.1694
671,1.671,23.3201
672,1.672,22.6734
673,1.673,22.8223
674,1.674,22.9715
675,1.675,23.121
676,1.676,23.2707
677,1.677,23.4208
678,1.678,22.7636
679,1.679,22.9118
680,1.68,23.0603
681,1.681,23.2091
682,1.682,23.3582
683,1.683,23.5075
684,1.684,22.8398
685,1.685,22.9873
686,1.686,23.1351
687,1.687,23.2831
688,1.688,23.4315
689,1.689,23.5801
690,1.69,22.9019
691,1.691,23.0486
692,1.692,23.1957
693,1.693,23.343
694,1.694,23.4906
695,1.695,23.6384
696,1.696,22.9498
697,1.697,23.0958
698,1.698,23.242
699,1.699,23.3885
700,1.7,23.5353
701,1.701,23.6824
702,1.702,22.9834
703,1.703,23.1286
704,1.704,23.274
705,1.705,23.4197
706,1.706,23.5657
707,1.707,23.7119
708,1.708,23.8584
709,1.709,23.1469
710,1.71,23.2915
711,1.711,23.4363
712,1.712,23.5814
713,1.713,23.7268
714,1.714,23.8724
715,1.715,23.1507
716,1.716,23.2944
717,1.717,23.4383
718,1.718,23.5825
719,1.719,23.727
720,1.72,23.8718
721,1.721,24.0167
722,1.722,23.2826
723,1.723,23.4257
724,1.724,23.5689
725,1.725,23.7125
726,1.726,23.8563
727,1.727,24.0003
728,1.728,24.1446
729,1.729,23.3982
730,1.73,23.5405
731,1.731,23.6831
732,1.732,23.8259
733,1.733,23.969
734,1.734,24.1124
735,1.735,23.356
736,1.736,23.4973
737,1.737,23.6388
738,1.738,23.7807
739,1.739,23.9228
740,1.74,24.0651
741,1.741,24.2077
742,1.742,23.4391
743,1.743,23.5796
744,1.744,23.7204
745,1.745,23.8615
746,1.746,24.0028
747,1.747,24.1443
748,1.748,24.2861
749,1.749,23.5054
750,1.75,23.6451
751,1.751,23.7851
752,1.752,23.9254
753,1.753,24.0658
754,1.754,24.2066
755,1.755,24.3475
756,1.756,23.5548
757,1.757,23.6937
758,1.758,23.8328
759,1.759,23.9722
760,1.76,24.1118
761,1.761,24.2517
762,1.762,24.3918
763,1.763,24.5321
764,1.764,23.7251
765,1.765,23.8634
766,1.766,24.0018
767,1.767,24.1406
768,1.768,24.2795
769,1.769,24.4187
770,1.77,24.5581
771,1.771,23.7394
772,1.772,23.8767
773,1.773,24.0142
774,1.774,24.152
775,1.775,24.29
776,1.776,24.4283
777,1.777,24.5667
778,1.778,24.7054
779,1.779,23.8726
780,1.78,24.0092
781,1.781,24.146
782,1.782,24.2831
783,1.783,24.4203
784,1.784,24.5578
785,1.785,24.6956
786,1.786,23.8512
787,1.787,23.9867
788,1.788,24.1225
789,1.789,24.2586
790,1.79,24.3948
791,1.791,24.5313
792,1.792,24.668
793,1.793,24.8049
794,1.794,23.9467
795,1.795,24.0815
796,1.796,24.2165
797,1.797,24.3517
798,1.798,24.4871
799,1.799,24.6228
800,1.8,24.7586
801,1.801,24.8947
802,1.802,24.0228
803,1.803,24.1567
804,1.804,24.2908
805,1.805,24.4252
806,1.806,24.5597
807,1.807,24.6945
808,1.808,24.8295
809,1.809,24.9647
810,1.81,24.0793
811,1.811,24.2122
812,1.812,24.3455
813,1.813,24.4789
814,1.814,24.6126
815,1.815,24.7464
816,1.816,24.8805
817,1.817,25.0148
818,1.818,24.1159
819,1.819,24.248
820,1.82,24.3802
821,1.821,24.5127
822,1.822,24.6454
823,1.823,24.7784
824,1.824,24.9115
825,1.825,25.0449
826,1.826,25.1784
827,1.827,24.2637
828,1.828,24.395
829,1.829,24.5265
830,1.83,24.6583
831,1.831,24.7902
832,1.832,24.9224
833,1.833,25.0547
834,1.834,25.1873
835,1.835,24.2595
836,1.836,24.3898
837,1.837,24.5202
838,1.838,24.6509
839,1.839,24.7818
840,1.84,24.913
841,1.841,25.0443
842,1.842,25.1758
843,1.843,25.3075
844,1.844,24.3643
845,1.845,24.4937
846,1.846,24.6233
847,1.847,24.7532
848,1.848,24.8832
849,1.849,25.0135
850,1.85,25.1439
851,1.851,25.2746
852,1.852,25.4054
853,1.853,24.4469
854,1.854,24.5755
855,1.855,24.7042
856,1.856,24.8331
857,1.857,24.9623
858,1.858,25.0916
859,1.859,25.2211
860,1.86,25.3509
861,1.861,25.4808
862,1.862,24.5072
863,1.863,24.6348
864,1.864,24.7626
865,1.865,24.8906
866,1.866,25.0187
867,1.867,25.1471
868,1.868,25.2757
869,1.869,25.4045
870,1.87,25.5334
871,1.871,24.545
872,1.872,24.6716
873,1.873,24.7984
874,1.874,24.9254
875,1.875,25.0526
876,1.876,25.18
877,1.877,25.3075
878,1.878,25.4353
879,1.879,25.5633
880,1.88,24.5602
881,1.881,24.6857
882,1.882,24.8115
883,1.883,24.9374
884,1.884,25.0636
885,1.885,25.1899
886,1.886,25.3165
887,1.887,25.4432
888,1.888,25.5701
889,1.889,25.6972
890,1.89,24.6771
891,1.891,24.8018
892,1.892,24.9266
893,1.893,25.0517
894,1.894,25.177
895,1.895,25.3024
896,1.896,25.4281
897,1.897,25.5539
898,1.898,25.6799
899,1.899,25.8061
900,1.9,24.7691
901,1.901,24.8929
902,1.902,25.0168
903,1.903,25.141
904,1.904,25.2653
905,1.905,25.3898
906,1.906,25.5145
907,1.907,25.6394
908,1.908,25.7644
909,1.909,25.8897
910,1.91,24.8362
911,1.911,24.959
912,1.912,25.0819
913,1.913,25.2051
914,1.914,25.3284
915,1.915,25.452
916,1.916,25.5757
917,1.917,25.6995
918,1.918,25.8236
919,1.919,25.9478
920,1.92,24.878
921,1.921,24.9998
922,1.922,25.1217
923,1.923,25.2439
924,1.924,25.3662
925,1.925,25.4887
926,1.926,25.6113
927,1.927,25.7342
928,1.928,25.8572
929,1.929,25.9804
930,1.93,24.8946
931,1.931,25.0153
932,1.932,25.1361
933,1.933,25.2572
934,1.934,25.3784
935,1.935,25.4999
936,1.936,25.6214
937,1.937,25.7432
938,1.938,25.8651
939,1.939,25.9872
940,1.94,26.1095
941,1.941,25.0053
942,1.942,25.125
943,1.943,25.245
944,1.944,25.3651
945,1.945,25.4854
946,1.946,25.6059
947,1.947,25.7265
948,1.948,25.8473
949,1.949,25.9683
950,1.95,26.0894
951,1.951,26.2107
952,1.952,25.0884
953,1.953,25.2071
954,1.954,25.3261
955,1.955,25.4452
956,1.956,25.5645
957,1.957,25.684
958,1.958,25.8036
959,1.959,25.9234
960,1.96,26.0434
961,1.961,26.1635
962,1.962,26.2838
963,1.963,25.1436
964,1.964,25.2614
965,1.965,25.3793
966,1.966,25.4974
967,1.967,25.6156
968,1.968,25.7341
969,1.969,25.8526
970,1.97,25.9714
971,1.971,26.0903
972,1.972,26.2094
973,1.973,26.3286
974,1.974,25.171
975,1.975,25.2876
976,1.976,25.4044
977,1.977,25.5214
978,1.978,25.6386
979,1.979,25.7559
980,1.98,25.8734
981,1.981,25.9911
982,1.982,26.1089
983,1.983,26.2269
984,1.984,26.345
985,1.985,25.1703
986,1.986,25.2858
987,1.987,25.4015
988,1.988,25.5173
989,1.989,25.6333
990,1.99,25.7495
991,1.991,25.8659
992,1.992,25.9824
993,1.993,26.0991
994,1.994,26.2159
995,1.995,26.3329
996,1.996,26.45
997,1.997,25.2558
998,1.998,25.3703
999,1.999,25.4849
1000,2,25.5998
1001,2.001,25.7148
1002,2.002,25.8299
1003,2.003,25.9453
1004,2.004,26.0607
1005,2.005,26.1764
1006,2.006,26.2921
1007,2.007,26.4081
1008,2.008,26.5241
1009,2.009,25.3108
1010,2.01,25.4243
1011,2.011,25.5379
1012,2.012,25.6516
1013,2.013,25.7655
1014,2.014,25.8796
1015,2.015,25.9939
1016,2.016,26.1083
1017,2.017,26.2228
1018,2.018,26.3375
1019,2.019,26.4523
1020,2.02,26.5673
1021,2.021,25.3353
1022,2.022,25.4476
1023,2.023,25.5601
1024,2.024,25.6727
1025,2.025,25.7855
1026,2.026,25.8985
1027,2.027,26.0116
1028,2.028,26.1249
1029,2.029,26.2383
1030,2.03,26.3518
1031,2.031,26.4655
1032,2.032,26.5793
1033,2.033,26.6933
1034,2.034,25.4402
1035,2.035,25.5516
1036,2.036,25.663
1037,2.037,25.7746
1038,2.038,25.8864
1039,2.039,25.9983
1040,2.04,26.1104
1041,2.041,26.2226
1042,2.042,26.335
1043,2.043,26.4475
1044,2.044,26.5602
1045,2.045,26.6729
1046,2.046,25.4021
1047,2.047,25.5122
1048,2.048,25.6224
1049,2.049,25.7328
1050,2.05,25.8434
1051,2.051,25.9541
1052,2.052,26.0649
1053,2.053,26.1759
1054,2.054,26.287
1055,2.055,26.3983
1056,2.056,26.5097
1057,2.057,26.6213
1058,2.058,26.733
1059,2.059,26.8448
1060,2.06,25.551
1061,2.061,25.6601
1062,2.062,25.7693
1063,2.063,25.8788
1064,2.064,25.9883
1065,2.065,26.098
1066,2.066,26.2079
1067,2.067,26.3179
1068,2.068,26.428
1069,2.069,26.5383
1070,2.07,26.6487
1071,2.071,26.7592
1072,2.072,26.8699
1073,2.073,25.5565
1074,2.074,25.6644
1075,2.075,25.7725
1076,2.076,25.8807
1077,2.077,25.9891
1078,2.078,26.0976
1079,2.079,26.2063
1080,2.08,26.3151
1081,2.081,26.4241
1082,2.082,26.5331
1083,2.083,26.6423
1084,2.084,26.7517
1085,2.085,26.8612
1086,2.086,26.9707
1087,2.087,25.6353
1088,2.088,25.7422
1089,2.089,25.8492
1090,2.09,25.9564
1091,2.091,26.0636
1092,2.092,26.1711
1093,2.093,26.2786
1094,2.094,26.3863
1095,2.095,26.4942
1096,2.096,26.6021
1097,2.097,26.7102
1098,2.098,26.8185
1099,2.099,26.9268
1100,2.1,27.0353
1101,2.101,25.6785
1102,2.102,25.7842
1103,2.103,25.8901
1104,2.104,25.9961
1105,2.105,26.1022
1106,2.106,26.2085
1107,2.107,26.3149
1108,2.108,26.4214
1109,2.109,26.5281
1110,2.11,26.6349
1111,2.111,26.7419
1112,2.112,26.8489
1113,2.113,26.9561
1114,2.114,27.0634
1115,2.115,25.6858
1116,2.116,25.7903
1117,2.117,25.8949
1118,2.118,25.9998
1119,2.119,26.1047
1120,2.12,26.2098
1121,2.121,26.315
1122,2.122,26.4203
1123,2.123,26.5258
1124,2.124,26.6314
1125,2.125,26.7371
1126,2.126,26.8429
1127,2.127,26.9489
1128,2.128,27.055
1129,2.129,25.6571
1130,2.13,25.7604
1131,2.131,25.8638
1132,2.132,25.9674
1133,2.133,26.0711
1134,2.134,26.1749
1135,2.135,26.2788
1136,2.136,26.3829
1137,2.137,26.4871
1138,2.138,26.5915
1139,2.139,26.6959
1140,2.14,26.8005
1141,2.141,26.9052
1142,2.142,27.01
1143,2.143,27.1149
1144,2.144,25.6947
1145,2.145,25.7968
1146,2.146,25.899
1147,2.147,26.0014
1148,2.148,26.1039
1149,2.149,26.2065
1150,2.15,26.3093
1151,2.151,26.4122
1152,2.152,26.5152
1153,2.153,26.6184
1154,2.154,26.7216
1155,2.155,26.825
1156,2.156,26.9285
1157,2.157,27.0321
1158,2.158,27.1359
1159,2.159,27.2397
1160,2.16,25.7947
1161,2.161,25.8957
1162,2.162,25.9968
1163,2.163,26.0981
1164,2.164,26.1995
1165,2.165,26.3011
1166,2.166,26.4027
1167,2.167,26.5045
1168,2.168,26.6064
1169,2.169,26.7084
1170,2.17,26.8105
1171,2.171,26.9128
1172,2.172,27.0152
1173,2.173,27.1176
1174,2.174,27.2202
1175,2.175,27.3229
1176,2.176,25.8539
1177,2.177,25.9538
1178,2.178,26.0538
1179,2.179,26.1539
1180,2.18,26.2541
1181,2.181,26.3545
1182,2.182,26.455
1183,2.183,26.5556
1184,2.184,26.6563
1185,2.185,26.7571
1186,2.186,26.8581
1187,2.187,26.9592
1188,2.188,27.0603
1189,2.189,27.1616
1190,2.19,27.263
1191,2.191,27.3645
1192,2.192,25.8723
1193,2.193,25.9709
1194,2.194,26.0697
1195,2.195,26.1686
1196,2.196,26.2676
1197,2.197,26.3667
1198,2.198,26.466
1199,2.199,26.5654
1200,2.2,26.6648
1201,2.201,26.7644
1202,2.202,26.8642
1203,2.203,26.964
1204,2.204,27.0639
1205,2.205,27.164
1206,2.206,27.2641
1207,2.207,27.3644
1208,2.208,25.8497
1209,2.209,25.947
1210,2.21,26.0445
1211,2.211,26.1421
1212,2.212,26.2399
1213,2.213,26.3377
1214,2.214,26.4357
1215,2.215,26.5338
1216,2.216,26.632
1217,2.217,26.7303
1218,2.218,26.8287
1219,2.219,26.9273
1220,2.22,27.0259
1221,2.221,27.1247
1222,2.222,27.2235
1223,2.223,27.3225
1224,2.224,27.4216
1225,2.225,25.8822
1226,2.226,25.9784
1227,2.227,26.0747
1228,2.228,26.1711
1229,2.229,26.2676
1230,2.23,26.3642
1231,2.231,26.461
1232,2.232,26.5579
1233,2.233,26.6548
1234,2.234,26.7519
1235,2.235,26.8491
1236,2.236,26.9464
1237,2.237,27.0438
1238,2.238,27.1413
1239,2.239,27.2389
1240,2.24,27.3367
1241,2.241,27.4345
1242,2.242,27.5324
1243,2.243,25.9663
1244,2.244,26.0614
1245,2.245,26.1565
1246,2.246,26.2517
1247,2.247,26.3471
1248,2.248,26.4425
1249,2.249,26.5381
1250,2.25,26.6338
1251,2.251,26.7296
1252,2.252,26.8255
1253,2.253,26.9215
1254,2.254,27.0176
1255,2.255,27.1139
1256,2.256,27.2102
1257,2.257,27.3066
1258,2.258,27.4031
1259,2.259,27.4997
1260,2.26,25.9109
1261,2.261,26.0046
1262,2.262,26.0984
1263,2.263,26.1923
1264,2.264,26.2863
1265,2.265,26.3804
1266,2.266,26.4747
1267,2.267,26.569
1268,2.268,26.6635
1269,2.269,26.758
1270,2.27,26.8527
1271,2.271,26.9475
1272,2.272,27.0423
1273,2.273,27.1373
1274,2.274,27.2324
1275,2.275,27.3275
1276,2.276,27.4228
1277,2.277,27.5182
1278,2.278,27.6136
1279,2.279,25.9969
1280,2.28,26.0895
1281,2.281,26.1821
1282,2.282,26.2748
1283,2.283,26.3677
1284,2.284,26.4606
1285,2.285,26.5537
1286,2.286,26.6468
1287,2.287,26.7401
1288,2.288,26.8335
1289,2.289,26.9269
1290,2.29,27.0205
1291,2.291,27.1142
1292,2.292,27.2079
1293,2.293,27.3018
1294,2.294,27.3957
1295,2.295,27.4898
1296,2.296,27.5839
1297,2.297,27.6782
1298,2.298,26.0347
1299,2.299,26.126
1300,2.3,26.2173
1301,2.301,26.3089
1302,2.302,26.4005
1303,2.303,26.4922
1304,2.304,26.584
1305,2.305,26.6759
1306,2.306,26.7679
1307,2.307,26.86
1308,2.308,26.9522
1309,2.309,27.0446
1310,2.31,27.137
1311,2.311,27.2295
1312,2.312,27.322
1313,2.313,27.4147
1314,2.314,27.5075
1315,2.315,27.6004
1316,2.316,27.6933
1317,2.317,26.0241
1318,2.318,26.1141
1319,2.319,26.2042
1320,2.32,26.2944
1321,2.321,26.3847
1322,2.322,26.4751
1323,2.323,26.5656
1324,2.324,26.6562
1325,2.325,26.7469
1326,2.326,26.8377
1327,2.327,26.9286
1328,2.328,27.0196
1329,2.329,27.1107
1330,2.33,27.2019
1331,2.331,27.2932
1332,2.332,27.3845
1333,2.333,27.476
1334,2.334,27.5675
1335,2.335,27.6592
1336,2.336,27.7509
1337,2.337,26.054
1338,2.338,26.1427
1339,2.339,26.2316
1340,2.34,26.3205
1341,2.341,26.4096
1342,2.342,26.4987
1343,2.343,26.5879
1344,2.344,26.6773
1345,2.345,26.7667
1346,2.346,26.8562
1347,2.347,26.9459
1348,2.348,27.0356
1349,2.349,27.1254
1350,2.35,27.2153
1351,2.351,27.3053
1352,2.352,27.3954
1353,2.353,27.4855
1354,2.354,27.5758
1355,2.355,27.6661
1356,2.356,27.7565
1357,2.357,26.0332
1358,2.358,26.1206
1359,2.359,26.2081
1360,2.36,26.2957
1361,2.361,26.3835
1362,2.362,26.4713
1363,2.363,26.5592
1364,2.364,26.6472
1365,2.365,26.7353
1366,2.366,26.8235
1367,2.367,26.9118
1368,2.368,27.0002
1369,2.369,27.0887
1370,2.37,27.1772
1371,2.371,27.2659
1372,2.372,27.3546
1373,2.373,27.4434
1374,2.374,27.5323
1375,2.375,27.6213
1376,2.376,27.7104
1377,2.377,27.7995
1378,2.378,26.0479
1379,2.379,26.134
1380,2.38,26.2203
1381,2.381,26.3066
1382,2.382,26.3931
1383,2.383,26.4796
1384,2.384,26.5662
1385,2.385,26.6529
1386,2.386,26.7397
1387,2.387,26.8266
1388,2.388,26.9136
1389,2.389,27.0007
1390,2.39,27.0879
1391,2.391,27.1751
1392,2.392,27.2625
1393,2.393,27.3499
1394,2.394,27.4374
1395,2.395,27.525
1396,2.396,27.6126
1397,2.397,27.7004
1398,2.398,27.7882
1399,2.399,26.0096
1400,2.4,26.0944
1401,2.401,26.1793
1402,2.402,26.2643
1403,2.403,26.3494
1404,2.404,26.4346
1405,2.405,26.5199
1406,2.406,26.6052
1407,2.407,26.6907
1408,2.408,26.7762
1409,2.409,26.8618
1410,2.41,26.9476
1411,2.411,27.0334
1412,2.412,27.1192
1413,2.413,27.2052
1414,2.414,27.2912
1415,2.415,27.3774
1416,2.416,27.4636
1417,2.417,27.5499
1418,2.418,27.6362
1419,2.419,27.7227
1420,2.42,27.8092
1421,2.421,27.8958
1422,2.422,26.0855
1423,2.423,26.1691
1424,2.424,26.2528
1425,2.425,26.3366
1426,2.426,26.4204
1427,2.427,26.5044
1428,2.428,26.5884
1429,2.429,26.6725
1430,2.43,26.7567
1431,2.431,26.841
1432,2.432,26.9254
1433,2.433,27.0098
1434,2.434,27.0944
1435,2.435,27.179
1436,2.436,27.2637
1437,2.437,27.3485
1438,2.438,27.4334
1439,2.439,27.5183
1440,2.44,27.6033
1441,2.441,27.6884
1442,2.442,27.7736
1443,2.443,27.8588
1444,2.444,26.0214
1445,2.445,26.1036
1446,2.446,26.1859
1447,2.447,26.2683
1448,2.448,26.3508
1449,2.449,26.4333
1450,2.45,26.516
1451,2.451,26.5987
1452,2.452,26.6815
1453,2.453,26.7644
1454,2.454,26.8474
1455,2.455,26.9304
1456,2.456,27.0136
1457,2.457,27.0968
1458,2.458,27.1801
1459,2.459,27.2635
1460,2.46,27.3469
1461,2.461,27.4304
1462,2.462,27.5141
1463,2.463,27.5977
1464,2.464,27.6815
1465,2.465,27.7653
1466,2.466,27.8492
1467,2.467,27.9332
1468,2.468,26.064
1469,2.469,26.1449
1470,2.47,26.226
1471,2.471,26.3071
1472,2.472,26.3883
1473,2.473,26.4695
1474,2.474,26.5509
1475,2.475,26.6323
1476,2.476,26.7139
1477,2.477,26.7955
1478,2.478,26.8772
1479,2.479,26.9589
1480,2.48,27.0408
1481,2.481,27.1227
1482,2.482,27.2047
1483,2.483,27.2867
1484,2.484,27.3689
1485,2.485,27.4511
1486,2.486,27.5334
1487,2.487,27.6157
1488,2.488,27.6982
1489,2.489,27.7807
1490,2.49,27.8633
1491,2.491,27.9459
1492,2.492,26.0466
1493,2.493,26.1262
1494,2.494,26.2059
1495,2.495,26.2856
1496,2.496,26.3655
1497,2.497,26.4454
1498,2.498,26.5254
1499,2.499,26.6055
1500,2.5,26.6857
1501,2.501,26.7659
1502,2.502,26.8462
1503,2.503,26.9266
1504,2.504,27.0071
1505,2.505,27.0877
1506,2.506,27.1683
1507,2.507,27.249
1508,2.508,27.3298
1509,2.509,27.4106
1510,2.51,27.4915
1511,2.511,27.5725
1512,2.512,27.6536
1513,2.513,27.7347
1514,2.514,27.8159
1515,2.515,27.8972
1516,2.516,27.9785
1517,2.517,26.0477
1518,2.518,26.1259
1519,2.519,26.2043
1520,2.52,26.2827
1521,2.521,26.3612
1522,2.522,26.4398
1523,2.523,26.5185
1524,2.524,26.5973
1525,2.525,26.6761
1526,2.526,26.755
1527,2.527,26.834
1528,2.528,26.913
1529,2.529,26.9922
1530,2.53,27.0714
1531,2.531,27.1506
1532,2.532,27.23
1533,2.533,27.3094
1534,2.534,27.3889
1535,2.535,27.4684
1536,2.536,27.5481
1537,2.537,27.6278
1538,2.538,27.7075
1539,2.539,27.7873
1540,2.54,27.8672
1541,2.541,27.9472
1542,2.542,25.9866
1543,2.543,26.0635
1544,2.544,26.1405
1545,2.545,26.2175
1546,2.546,26.2947
1547,2.547,26.3719
1548,2.548,26.4491
1549,2.549,26.5265
1550,2.55,26.6039
1551,2.551,26.6814
1552,2.552,26.759
1553,2.553,26.8366
1554,2.554,26.9144
1555,2.555,26.9921
1556,2.556,27.07
1557,2.557,27.1479
1558,2.558,27.2259
1559,2.559,27.304
1560,2.56,27.3821
1561,2.561,27.4603
1562,2.562,27.5386
1563,2.563,27.6169
1564,2.564,27.6953
1565,2.565,27.7738
1566,2.566,27.8523
1567,2.567,27.9309
1568,2.568,28.0096
1569,2.569,26.015
1570,2.57,26.0906
1571,2.571,26.1663
1572,2.572,26.242
1573,2.573,26.3178
1574,2.574,26.3937
1575,2.575,26.4697
1576,2.576,26.5457
1577,2.577,26.6218
1578,2.578,26.698
1579,2.579,26.7742
1580,2.58,26.8505
1581,2.581,26.9269
1582,2.582,27.0034
1583,2.583,27.0799
1584,2.584,27.1565
1585,2.585,27.2332
1586,2.586,27.3099
1587,2.587,27.3867
1588,2.588,27.4635
1589,2.589,27.5404
1590,2.59,27.6174
1591,2.591,27.6945
1592,2.592,27.7716
1593,2.593,27.8488
1594,2.594,27.926
1595,2.595,28.0033
1596,2.596,25.9767
1597,2.597,26.0509
1598,2.598,26.1252
1599,2.599,26.1996
1600,2.6,26.274
1601,2.601,26.3485
1602,2.602,26.4231
1603,2.603,26.4977
1604,2.604,26.5725
1605,2.605,26.6473
1606,2.606,26.7221
1607,2.607,26.797
1608,2.608,26.872
1609,2.609,26.9471
1610,2.61,27.0222
1611,2.611,27.0974
1612,2.612,27.1727
1613,2.613,27.248
1614,2.614,27.3234
1615,2.615,27.3988
1616,2.616,27.4743
1617,2.617,27.5499
1618,2.618,27.6255
1619,2.619,27.7012
1620,2.62,27.777
1621,2.621,27.8528
1622,2.622,27.9287
1623,2.623,28.0046
1624,2.624,25.945
1625,2.625,26.0179
1626,2.626,26.0908
1627,2.627,26.1638
1628,2.628,26.2369
1629,2.629,26.31
1630,2.63,26.3832
1631,2.631,26.4565
1632,2.632,26.5298
1633,2.633,26.6032
1634,2.634,26.6767
1635,2.635,26.7502
1636,2.636,26.8238
1637,2.637,26.8975
1638,2.638,26.9712
1639,2.639,27.045
1640,2.64,27.1189
1641,2.641,27.1928
1642,2.642,27.2668
1643,2.643,27.3408
1644,2.644,27.4149
1645,2.645,27.4891
1646,2.646,27.5633
1647,2.647,27.6376
1648,2.648,27.7119
1649,2.649,27.7863
1650,2.65,27.8608
1651,2.651,27.9353
1652,2.652,28.0099
1653,2.653,25.9165
1654,2.654,25.9879
1655,2.655,26.0595
1656,2.656,26.1311
1657,2.657,26.2028
1658,2.658,26.2746
1659,2.659,26.3464
1660,2.66,26.4183
1661,2.661,26.4902
1662,2.662,26.5622
1663,2.663,26.6343
1664,2.664,26.7065
1665,2.665,26.7787
1666,2.666,26.851
1667,2.667,26.9233
1668,2.668,26.9957
1669,2.669,27.0682
1670,2.67,27.1407
1671,2.671,27.2133
1672,2.672,27.2859
1673,2.673,27.3586
1674,2.674,27.4313
1675,2.675,27.5042
1676,2.676,27.577
1677,2.677,27.65
1678,2.678,27.723
1679,2.679,27.796
1680,2.68,27.8691
1681,2.681,27.9422
1682,2.682,28.0155
1683,2.683,25.8874
1684,2.684,25.9576
1685,2.685,26.0277
1686,2.686,26.098
1687,2.687,26.1683
1688,2.688,26.2387
1689,2.689,26.3091
1690,2.69,26.3796
1691,2.691,26.4502
1692,2.692,26.5208
1693,2.693,26.5915
1694,2.694,26.6623
1695,2.695,26.7331
1696,2.696,26.804
1697,2.697,26.8749
1698,2.698,26.9459
1699,2.699,27.017
1700,2.7,27.0881
1701,2.701,27.1593
1702,2.702,27.2305
1703,2.703,27.3018
1704,2.704,27.3731
1705,2.705,27.4445
1706,2.706,27.516
1707,2.707,27.5875
1708,2.708,27.6591
1709,2.709,27.7307
1710,2.71,27.8024
1711,2.711,27.8741
1712,2.712,27.9459
1713,2.713,28.0177
1714,2.714,25.8545
1715,2.715,25.9232
1716,2.716,25.992
1717,2.717,26.0609
1718,2.718,26.1298
1719,2.719,26.1988
1720,2.72,26.2679
1721,2.721,26.337
1722,2.722,26.4062
1723,2.723,26.4754
1724,2.724,26.5447
1725,2.725,26.6141
1726,2.726,26.6835
1727,2.727,26.753
1728,2.728,26.8225
1729,2.729,26.8921
1730,2.73,26.9618
1731,2.731,27.0315
1732,2.732,27.1013
1733,2.733,27.1711
1734,2.734,27.241
1735,2.735,27.3109
1736,2.736,27.3809
1737,2.737,27.4509
1738,2.738,27.521
1739,2.739,27.5912
1740,2.74,27.6614
1741,2.741,27.7316
1742,2.742,27.8019
1743,2.743,27.8723
1744,2.744,27.9427
1745,2.745,28.0131
1746,2.746,25.8142
1747,2.747,25.8816
1748,2.748,25.949
1749,2.749,26.0165
1750,2.75,26.084
1751,2.751,26.1516
1752,2.752,26.2193
1753,2.753,26.287
1754,2.754,26.3548
1755,2.755,26.4227
1756,2.756,26.4906
1757,2.757,26.5585
1758,2.758,26.6265
1759,2.759,26.6946
1760,2.76,26.7627
1761,2.761,26.8309
1762,2.762,26.8991
1763,2.763,26.9674
1764,2.764,27.0358
1765,2.765,27.1042
1766,2.766,27.1726
1767,2.767,27.2412
1768,2.768,27.3097
1769,2.769,27.3783
1770,2.77,27.447
1771,2.771,27.5157
1772,2.772,27.5845
1773,2.773,27.6533
1774,2.774,27.7222
1775,2.775,27.7911
1776,2.776,27.8601
1777,2.777,27.9291
1778,2.778,27.9982
1779,2.779,25.7632
1780,2.78,25.8292
1781,2.781,25.8952
1782,2.782,25.9613
1783,2.783,26.0275
1784,2.784,26.0937
1785,2.785,26.1599
1786,2.786,26.2263
1787,2.787,26.2926
1788,2.788,26.3591
1789,2.789,26.4256
1790,2.79,26.4921
1791,2.791,26.5587
1792,2.792,26.6254
1793,2.793,26.6921
1794,2.794,26.7588
1795,2.795,26.8257
1796,2.796,26.8925
1797,2.797,26.9594
1798,2.798,27.0264
1799,2.799,27.0934
1800,2.8,27.1605
1801,2.801,27.2277
1802,2.802,27.2948
1803,2.803,27.3621
1804,2.804,27.4293
1805,2.805,27.4967
1806,2.806,27.5641
1807,2.807,27.6315
1808,2.808,27.699
1809,2.809,27.7665
1810,2.81,27.8341
1811,2.811,27.9017
1812,2.812,27.9693
1813,2.813,25.6983
1814,2.814,25.7628
1815,2.815,25.8275
1816,2.816,25.8921
1817,2.817,25.9569
1818,2.818,26.0217
1819,2.819,26.0865
1820,2.82,26.1514
1821,2.821,26.2164
1822,2.822,26.2814
1823,2.823,26.3465
1824,2.824,26.4116
1825,2.825,26.4768
1826,2.826,26.542
1827,2.827,26.6073
1828,2.828,26.6726
1829,2.829,26.738
1830,2.83,26.8034
1831,2.831,26.8689
1832,2.832,26.9344
1833,2.833,27
1834,2.834,27.0657
1835,2.835,27.1313
1836,2.836,27.1971
1837,2.837,27.2629
1838,2.838,27.3287
1839,2.839,27.3946
1840,2.84,27.4605
1841,2.841,27.5265
1842,2.842,27.5925
1843,2.843,27.6586
1844,2.844,27.7247
1845,2.845,27.7908
1846,2.846,27.857
1847,2.847,27.9233
1848,2.848,27.9896
1849,2.849,25.6792
1850,2.85,25.7424
1851,2.851,25.8057
1852,2.852,25.869
1853,2.853,25.9324
1854,2.854,25.9958
1855,2.855,26.0593
1856,2.856,26.1228
1857,2.857,26.1864
1858,2.858,26.25
1859,2.859,26.3137
1860,2.86,26.3774
1861,2.861,26.4412
1862,2.862,26.505
1863,2.863,26.5689
1864,2.864,26.6329
1865,2.865,26.6969
1866,2.866,26.7609
1867,2.867,26.825
1868,2.868,26.8891
1869,2.869,26.9533
1870,2.87,27.0175
1871,2.871,27.0818
1872,2.872,27.1461
1873,2.873,27.2105
1874,2.874,27.2749
1875,2.875,27.3394
1876,2.876,27.4039
1877,2.877,27.4684
1878,2.878,27.533
1879,2.879,27.5977
1880,2.88,27.6624
1881,2.881,27.7271
1882,2.882,27.7919
1883,2.883,27.8567
1884,2.884,27.9216
1885,2.885,25.5753
1886,2.886,25.6371
1887,2.887,25.6989
1888,2.888,25.7608
1889,2.889,25.8227
1890,2.89,25.8847
1891,2.891,25.9467
1892,2.892,26.0088
1893,2.893,26.0709
1894,2.894,26.1331
1895,2.895,26.1953
1896,2.896,26.2576
1897,2.897,26.3199
1898,2.898,26.3823
1899,2.899,26.4447
1900,2.9,26.5072
1901,2.901,26.5697
1902,2.902,26.6323
1903,2.903,26.6949
1904,2.904,26.7576
1905,2.905,26.8203
1906,2.906,26.883
1907,2.907,26.9458
1908,2.908,27.0087
1909,2.909,27.0716
1910,2.91,27.1345
1911,2.911,27.1975
1912,2.912,27.2606
1913,2.913,27.3236
1914,2.914,27.3868
1915,2.915,27.4499
1916,2.916,27.5131
1917,2.917,27.5764
1918,2.918,27.6397
1919,2.919,27.703
1920,2.92,27.7664
1921,2.921,27.8298
1922,2.922,27.8932
1923,2.923,27.9567
1924,2.924,25.5687
1925,2.925,25.6291
1926,2.926,25.6896
1927,2.927,25.7501
1928,2.928,25.8106
1929,2.929,25.8712
1930,2.93,25.9319
1931,2.931,25.9926
1932,2.932,26.0534
1933,2.933,26.1142
1934,2.934,26.175
1935,2.935,26.2359
1936,2.936,26.2969
1937,2.937,26.3579
1938,2.938,26.4189
1939,2.939,26.48
1940,2.94,26.5412
1941,2.941,26.6024
1942,2.942,26.6636
1943,2.943,26.7249
1944,2.944,26.7862
1945,2.945,26.8475
1946,2.946,26.9089
1947,2.947,26.9704
1948,2.948,27.0319
1949,2.949,27.0934
1950,2.95,27.155
1951,2.951,27.2166
1952,2.952,27.2783
1953,2.953,27.34
1954,2.954,27.4018
1955,2.955,27.4635
1956,2.956,27.5254
1957,2.957,27.5873
1958,2.958,27.6492
1959,2.959,27.7111
1960,2.96,27.7731
1961,2.961,27.8351
1962,2.962,27.8972
1963,2.963,25.4711
1964,2.964,25.5301
1965,2.965,25.5891
1966,2.966,25.6482
1967,2.967,25.7073
1968,2.968,25.7665
1969,2.969,25.8257
1970,2.97,25.885
1971,2.971,25.9443
1972,2.972,26.0037
1973,2.973,26.0631
1974,2.974,26.1226
1975,2.975,26.1821
1976,2.976,26.2416
1977,2.977,26.3012
1978,2.978,26.3609
1979,2.979,26.4205
1980,2.98,26.4803
1981,2.981,26.54
1982,2.982,26.5999
1983,2.983,26.6597
1984,2.984,26.7196
1985,2.985,26.7796
1986,2.986,26.8395
1987,2.987,26.8996
1988,2.988,26.9596
1989,2.989,27.0198
1990,2.99,27.0799
1991,2.991,27.1401
1992,2.992,27.2003
1993,2.993,27.2606
1994,2.994,27.3209
1995,2.995,27.3813
1996,2.996,27.4417
1997,2.997,27.5021
1998,2.998,27.5626
1999,2.999,27.6231
2000,3,27.6836
